user,rating,review,date
Gerry Doank,5,memudahkan segala dari segalanya,2026-03-02 19:20:09
Adakah Iya,5,bqgus,2026-03-02 19:19:32
Mira Jelita,5,"bagus,, sangat membantu",2026-03-02 19:14:43
Noer Sobak,5,Bagus Sekali,2026-03-02 19:14:09
Meyu Kece,5,alhamdulillah jdi kebantu karna aplikasi ini semoga aman trs yaa,2026-03-02 19:10:30
ikiboy soares,1,"mohon di perbaiki sistemnya kenapa kalo, kami yg dari negara lain hanya gunakan kartu debit aja untuk gunakan apk brimo harus gunakan KTP padahal pas dftar pake paspor,jadi kamu hanya gunakan uang cash pake uang digital untuk Qris tidak karena tidak memiliki KTP alasan bukan warga disini",2026-03-02 19:08:14
Reno Ardy,5,mantap,2026-03-02 19:06:21
Anggraita Sakti amuroso,5,joss.. brimo mantap,2026-03-02 19:03:03
Ummu Altaf77,5,akhirnya bisa aktif lagi BRImo ku. Fiturnya makin lengkap ternyata.. mantap,2026-03-02 19:02:26
tegar perdiansah,4,kerenn,2026-03-02 19:01:43
Moh Hadi,5,sangat membantu,2026-03-02 18:58:28
Heri Yanto,3,login tidak bisa aja padahal sudah instal yamg baru,2026-03-02 18:56:07
Heryadi,1,ngaco sumpah aplikasi nya masa saya udh verifikasi masukin data udh masuk eh ke logout lagi verifikasi ulang lagi parah sumpah ngaco banget aneh bgt apk,2026-03-02 18:55:25
RIZKI ARI PRADANA PURBA,5,mantap,2026-03-02 18:48:37
Reychan ubai,5,baguss,2026-03-02 18:46:19
Jahur Huri,5,mantap,2026-03-02 18:41:47
Ronal Rigen,5,sangat bagus sekali,2026-03-02 18:38:02
Desi Gusrini,1,paling buruk pelayanan .nelpon call center buat keluhan cuma ngabisin pulsa di angkat kaga.keadaan genting kita mana sempet laporan ke cabang bri .emg gitu ya kalau bank yg punya negara selagu lagu gue ....,2026-03-02 18:37:45
neny auna,5,saya sangat terbantu dgn BRimo,2026-03-02 18:37:14
Andi Tamsil,5,perfect,2026-03-02 18:35:40
Juriana Ana,5,maaf sering nga bisa di buka..harus instal ulang baru bisa..,2026-03-02 18:34:52
Dhy Febriansyh,5,👍,2026-03-02 18:34:35
Boli Husen,5,sangat mudah menggunaka brimo,2026-03-02 18:33:37
Isma Dayanti,5,"sangat bagus pokoknya, dan gampang di gunakan, top dan keren sekali",2026-03-02 18:33:36
Sulhaji Grab,5,sdh banyak membantu transaksi,2026-03-02 18:33:21
jamaludin magola,5,pokoknya sngat membantu dan bagus semua serba bisa dan serba gampang makasi Brimo BANK BRI,2026-03-02 18:27:56
olle rockavanka,5,sangat cocok untuk saya,2026-03-02 18:27:04
Albert Franjaya,5,Mantap,2026-03-02 18:26:03
Muhamad Ghozali,3,ini kok ga bisa tf ke nomor dana kenapa ya,2026-03-02 18:24:54
lukma argantara,5,mantap,2026-03-02 18:18:56
Tugiran Roy,5,sangat bermanfaat dalam bertransaksi,2026-03-02 18:15:13
Rika Malang2025,5,sangat mempermudah proses para pelanggan setia BRI semoga jaya selalu 👏,2026-03-02 18:12:31
Lia Amalia,5,"Halo kak saya pengguna BRIMO.ini pertama kalinya saya tidak bisa mengakses akun saya karna ketika saya masuk ke aplikasi BRIMO hanya menampilkan warna biru tetapi setelah beberapa saat layar menjafi warna putih polos,saya sudah ke penagaturan aplikasi BRIMO dan sudah clear cache,dan sudah saya update aplikasinya,saya sudah mengirimkan email keluhan saya tapi belum ada respon mohon bantuan nya kak.",2026-03-02 18:07:47
boysaka goodgamer,5,Good,2026-03-02 18:07:39
Mang Ded,5,layanan oke,2026-03-02 18:02:37
taufik jekat,5,sangat membantu sekali,2026-03-02 18:00:03
Kunar Yosi,5,sangat memudahkan,2026-03-02 17:53:29
Syamsul Bahri,5,mantap,2026-03-02 17:52:56
martin airlen,5,Lumayan Bagus. cuma sy blm bisa kirim dari brimo le dana.,2026-03-02 17:52:42
Khennel Khen,5,sangat membantu,2026-03-02 17:52:03
Affi Yunus,2,"notifikasi uang masuk dan keluar itu lama bgt kenapa ya, belum lagi buka aplikasi nunggu 4-5 detik baru bisa masuk ke aplikasi tolong diperbaiki performa apknya biar gak merugikan nasabah.",2026-03-02 17:46:35
septiyandwi ningrum,5,sejauh ini good,2026-03-02 17:45:10
Mamo Azza,5,errorr terus,2026-03-02 17:41:16
Mendi Priyono,5,bahmgus,2026-03-02 17:40:37
Azhari aziz Siddiq (Parto),2,sekian kalinya brimo cuma muncul layar putih yg harus bikin saya kesulitan dalam transaksi. gimana dongg!,2026-03-02 17:39:41
Rici Alfauza,5,mantap,2026-03-02 17:38:29
Muhamad Rifan,5,dgn brimo semua serba mudah,2026-03-02 17:38:18
Gunawan Obos,5,mantep,2026-03-02 17:35:30
Susi Susanti,5,mau transfer dan cek saldo lebih mudah kalau punya aplikasi brimo,2026-03-02 17:34:00
Otniel Manullang,5,membantu banget,2026-03-02 17:33:15
muhammad taufiqi,5,cukup membantu,2026-03-02 17:30:31
Moh idza Nadhori,5,ok,2026-03-02 17:29:47
Ganto Leo,5,entut,2026-03-02 17:26:56
Yustina Kolo,5,terbaik,2026-03-02 17:19:11
Sar Manto,5,mudah digunakan,2026-03-02 17:10:11
Gajah Mada,5,Mudah Dan Menguntungkan,2026-03-02 17:06:57
Alwi Ikhwan14,3,"maaf,mau tanya kenapa brimo punya saya sekarang setiap login selalu minta verifikasi, entah itu pake password atau sidik jari selalu minta verifikasi masukan OTP ,NIK SMA Selfi dulu jadinya ribet, padahal password+pin udah benar... terimakasih",2026-03-02 17:05:35
Arwin Effendi,5,mantap,2026-03-02 17:02:48
Sopia Duri,2,"lama-lama aplikasi brimo kayak B2. susah kali buat login, padahal sudah di update. giliran mau login layar HP malah memutih seperti sedang eror. tolong lah bos di perbaiki lagi sistem nya.",2026-03-02 17:02:19
Yulinda Qori,4,mudah digunakan,2026-03-02 17:01:53
Khaerul Saleh,5,Sangat membantu didalam bertransaksi,2026-03-02 17:00:56
Alex Alex,4,baik👍,2026-03-02 16:53:17
Widhi Guntur,5,mantap,2026-03-02 16:52:19
Gege Ramadhan01,2,"setiap akan login menggunakan fingerprint selalu ga bisa, padahal sudah aktif fitur fingerprintnya. masa setiap akan login selalu verifikasi ktp & selfi terus.",2026-03-02 16:51:42
Julius J DF,5,terbaik..👍👍👍,2026-03-02 16:50:20
Aimar Radinka,5,gampang banget,2026-03-02 16:50:18
Pandapotan nasution,5,good,2026-03-02 16:49:09
Siti Sundari,5,matappp,2026-03-02 16:45:32
Kent Hilk,5,siip joss,2026-03-02 16:44:11
Riki upik,2,"kenapa stelah login,trs ditinggal keluar mau masuk lagi udah g bisa",2026-03-02 16:43:53
Wnh Nh,5,"hallo ka, saya pengguna brimo, selama ini berjalan lancar, namun sekarang ini saya tidak bisa log in, dan selalu keluar sendiri",2026-03-02 16:41:24
Aljun Simon Parore,5,Menarik,2026-03-02 16:41:15
Jun Panyalai,5,baik sekali,2026-03-02 16:40:53
Sulaeman Kamaye,1,"apk nya tolong diperbaiki lagi sistemnya, daftar tapi bolakbalik kehalaman utama udah 5 kali coba tetap sama aja bikin emosi😊",2026-03-02 16:34:39
Hilman Nurdiansyah,5,sangat bagus,2026-03-02 16:33:29
Arsya ?,4,baguss,2026-03-02 16:31:52
Riki Ustara,5,mudah dan cepat,2026-03-02 16:29:25
Rudyk Ermawan,5,mantap,2026-03-02 16:28:30
Keneth Saycond,2,baeu aja bikin akun.. eh udah di blokir.. kapan gw masuk nya .. Trus di bilang 6pasword salah mulu lagi. mana sms 6gak masuk2,2026-03-02 16:27:17
A.M.Shafana BTC,5,oke,2026-03-02 16:27:11
newbie RC,5,brimo saya kok tidak bisa login ya,2026-03-02 16:27:05
Triss Rayanzahir,1,makin ngk jelas ini apk bukan nya tambah bagus malah tambah bikin pusing masa harus veripikasi mulu tiap mau masuk lgi,2026-03-02 16:26:50
FATMA WATI,5,that simple🫰,2026-03-02 16:21:19
Armin Malik,4,"bagus sangat membantu tapi sering eror gak bisa masuk saat,mohon caranya supaya gak eror lagi bang",2026-03-02 16:18:38
Sang Putu Dirga,4,"brimo memudahkan bertransaksi, namun saya pernah punya pengalaman menyedihkan yaitu tabungan saya hilang, diambil via ATM setiap dini hari, di hari ke 5 saya baru menyadarinya, hingga tabungan berkurang 40an juta, mungkin ini kelemahannya, untuk selanjutnya dpt diproteksi, terima kasih",2026-03-02 16:16:55
ari sembako,1,APL buruk kok jadi susah gini ya stiap kali dibuka harus login mulu setelah login bisa gitu lagi harus unistal dan instal lagi haduh melelahkan,2026-03-02 16:16:04
Dinda Khumaira,1,"brimo makin kesini makin ancur kendala nya sama layar biru d tnggu lama lngsng blank layar putih, masa harus tiap verifikasi terus lama kelamaan pada pindah GK bkl pke brimo klo trs terusan kaya gini",2026-03-02 16:11:35
Dani Ardi,5,mantap,2026-03-02 16:07:21
stkiah ziii,1,Tolong dong benerin aplikasinya ini udah yg kesekian kalinya aplikasi ketika log in hanya blaknk warna putih. tolong perbaiki secepat mungkin!!!,2026-03-02 16:05:28
Rasya12 Pratama,5,ok,2026-03-02 16:03:59
Capatu Jordan,5,Mantap,2026-03-02 15:58:36
Bayu Sastrawan,5,"sangat lancar, apk ringan.",2026-03-02 15:58:07
Korban Janda,5,mempermudah,2026-03-02 15:56:17
aris darmawan,5,mantap,2026-03-02 15:54:10
Kadek Nopa Sumertayasa,5,"bagus sekali, mempermudah pembayaran tagihan listrik",2026-03-02 15:51:32
Ayu Puspita Sari,5,bagus,2026-03-02 15:51:31
faidzin silas,5,top markotop tuntas sampai ubun ubun,2026-03-02 15:50:46
Rosdiana azis,5,memudahkan,2026-03-02 15:49:47
Deran Duli,5,ok,2026-03-02 15:46:15
ALUNG SADEWA,5,memakai aplikasi brimo mudah & aman untuk d gunakan,2026-03-02 15:44:22
Tipa Tipa,3,sangat puas,2026-03-02 15:35:11
Asep Somantri,5,sangat puas,2026-03-02 15:32:52
koko meti17,5,mempermudah untuk bertransaksi,2026-03-02 15:32:36
Warta Tunggal,4,sering lelet masuk ke server,2026-03-02 15:24:52
Aneka tv,1,"masih gak bisa login, blank putih teruuss",2026-03-02 15:24:32
Wawan Priawan,5,aplikasi sangat baik...membantu permudah transaksi...bayar apa aja jd mudah,2026-03-02 15:24:04
Fira Ashter,5,menyenangkan sat set untuk gen z kayak aku 😅😭,2026-03-02 15:16:39
Ahmad toalib,5,mantap,2026-03-02 15:10:12
Jane indrawati Lameanda,5,terbaik,2026-03-02 15:09:01
belvikifli kiflibelfi,5,memudahkan,2026-03-02 15:02:04
M Halik,5,semua urusan jadi sangat mudah tinggal pencet selesai urusan 👍👍👍,2026-03-02 15:01:24
riko hardidinata,5,mantap,2026-03-02 14:58:38
nyoman wiyanti,2,"setelah sy download kenapa tidak bisa dibuka,? mohon diperbaiki kedepannya",2026-03-02 14:55:38
Surya Rian,1,limit penarikan tunai terlalu sedikit harus ngulang berkali kali,2026-03-02 14:55:23
aryo wiwoho,5,mudah dan lengkap pemakaiannya,2026-03-02 14:54:41
RUDIYATI,5,Bagus dan membantu Jadi mudah ga pake ribet,2026-03-02 14:52:31
Arya Sandi Kurniawan,5,sangat membantu saya,2026-03-02 14:51:43
Calya Mungil,5,oke,2026-03-02 14:43:46
Darti Darti,5,gampang dan cepat praktis,2026-03-02 14:41:59
FENDY SUMAYOW,1,"Aplikasi bodoh gue udh verifikasi muka gak jadi"" apalah brimo aplikasi bodoh",2026-03-02 14:36:40
Muhammad Rendi Zaelani Hidayat,4,"lumayan lancar semuanya sihh enak lah buat harian, saya kasih bintang 4 dulu azza",2026-03-02 14:32:55
Aan Sutantiyo,5,ok bange,2026-03-02 14:30:19
Munandar Baru,5,proses cepat dan lancar tanpa lendala,2026-03-02 14:29:32
Subeidi Jagalan,4,Baik,2026-03-02 14:25:26
Allfaris Wellikin,5,bagus,2026-03-02 14:25:19
Bagus Santoso,1,kejadian bln Agustus 2025.mantri nya gelapin uang blokiran 2x angsuran.udh ketemu kepala cabangnya ktnya TDK mau tanggung jawab.sampe skrg ga ada kejelasan,2026-03-02 14:24:34
Agungmulyo Taufiq,5,ok,2026-03-02 14:13:08
Lasrita Efriyanti,5,"hallo kk knp ya smpai skrg brimo ku GK bisa di buka, padahal aplikasi ini sgt membantu TPI saya kecewa skli gak bisa di buka padahal dh hapus cache dan mood pesawat juga sm tetap ngebleng dari biru tiba2 lgsung putih",2026-03-02 14:09:58
Reflin Sitompul,5,👍👍,2026-03-02 14:09:36
Heri Mandai,5,nice,2026-03-02 14:09:19
Mistar Star93,5,kenapa aplikasi brimo saya di bisa di buka? pas di buka layar nya putih mohon bantuannya,2026-03-02 14:07:46
Bunda,5,dengan brimo transaksi apapun sangat mudah,2026-03-02 14:05:42
Citra wana,5,mantap,2026-03-02 14:05:24
Freyzhe Anastasia,1,"setiap mau masuk aplikasi selalu disuruh masukin otp sama scan ktp padahal sebelumnya udah, hadeh kalau lagi kepepet pusing juga kayak gini",2026-03-02 14:02:45
Steven Elly,5,"hallo brimo, ini kenapa ya untuk menu pembayaran cicilan finance yang sudah terdaftar tidak dapat di akses, saat mau ngecek cicilan ada notif ""nomor yang anda masukkan salah, mohon periksa kembali"" tolong dibantu kendalanya",2026-03-02 14:00:41
Asep Aden,5,gacorr,2026-03-02 13:59:01
Fadila Kairunisa,5,bagus sekali,2026-03-02 13:51:19
Murdan iff,5,tidak bikin ribet,2026-03-02 13:51:17
sadut bleck,5,mantap,2026-03-02 13:50:23
Nurul Hidayah,5,proses mudah dan sangat membantu 🙏,2026-03-02 13:43:01
BU EMI Lesta lestari,5,mudah terpercaya dan aman,2026-03-02 13:35:02
aemfoaive (AF),1,"saya mau login, pas foto KTP aman, tapi pas verifikasi wajah ada kesalahan sistem. kesalahan sistem nya nggak cuma 1 kali, tapi sampai 3 kali. saya login nggak cuma di hp tapi juga di tab hasilnya sama. di hp katanya koneksi jaringan buruk, padahal nggak, bahkan pake data internet tetep sama. sekarang karna udah dibuat login berulang akhirnya kena peringatan terlalu banyak login. gimana sih brimo? gajelas.",2026-03-02 13:32:35
Pondok Pondok,5,ok,2026-03-02 13:30:59
I Gede Sadia UtamaYT,1,"Delay, proses lama",2026-03-02 13:22:22
madhan putra14,4,Good,2026-03-02 13:20:28
Dimas Fernando,5,min tolong brimo saya kok gabisa masuk udh 2 kali kek gini min pas masuk mental masuk mental,2026-03-02 13:17:36
Novie Suganda,5,top mantep,2026-03-02 13:12:04
Suardi,5,"sudah cukup baik,,membuat tiap transaksi lebih mudah",2026-03-02 13:10:00
Chairani Salsabila,5,top,2026-03-02 13:06:01
Sri Utami,5,mudah digunakan untuk bertransaksi...🙏,2026-03-02 13:05:15
Zaky Wahyu,5,keren...,2026-03-02 13:02:45
Anggi Oktaviani,5,mantap,2026-03-02 13:01:49
bad badtz-maru,5,memudahkan,2026-03-02 12:59:18
Najwa Son,5,bagus,2026-03-02 12:58:22
Trimawan Azmi,5,sangat baik untuk setiap transaksi,2026-03-02 12:56:10
Soja Lase,5,top,2026-03-02 12:56:02
sarman amang longi,4,4 dulu,2026-03-02 12:54:00
Agus Gunawan,5,sangat membantu sekali bisa transaksi dimana saja.,2026-03-02 12:52:56
khadafi Satria,5,Error mulu,2026-03-02 12:52:49
Hasrul Lhulu,5,sangat membantu,2026-03-02 12:52:45
Mr. Baso,5,Bermanfaat,2026-03-02 12:50:30
Rizkiseptian Adipratama,1,"saldo tiba tiba ilang di brimo, padahal ga bisa login, sekalinya bisa login, uang udah ditransfer ke orang lain, gokil juga brimo ya",2026-03-02 12:43:08
Syalom Manis,5,ini knpaa brimo smkin ksini klo buka apk.nya suka lamaaa..ngebug..pdhal baru di update..bukanya mlah simpel jdi lamaa,2026-03-02 12:39:09
pt Werdi,3,sering tidak bisa dibuka aplikasinya,2026-03-02 12:38:41
Alwi Qosim,5,mudah,2026-03-02 12:37:35
Izhaq 79,5,ok,2026-03-02 12:35:33
Adam Adam,5,biar yg berbicara Pokonya oke dah,2026-03-02 12:32:21
Marseldian Pratama,2,hallo kak.. saya pengguna BRIMO sudah beberapa tahun. baru kali ini Brimo saya tidak bisa log in sampai 1 bulan.. mohon untuk dibantu.,2026-03-02 12:31:47
Muhamad Ilmi,5,"Pelayanan sangat baik, dan kami sangat terbantu sekali, terimakasih,, 🙏",2026-03-02 12:31:11
Haris Haris,5,menyenangkan dan praktis,2026-03-02 12:30:51
Adrinnapis Syafira,1,lama lama bikin kesal tolong diperbaiki kalo gak dibuka 2 hari layar putih blank harus instal ulang lagi capek dehhhh,2026-03-02 12:28:44
Budiman Budiyansah,5,sangat membantu,2026-03-02 12:26:42
Bani Naura,5,memuaskan aplikasi nya,2026-03-02 12:24:50
Rizki Agustian,5,sangat baik,2026-03-02 12:19:39
Mrzen Penjen,5,bagus,2026-03-02 12:16:54
Nuryam Ruslin,5,sangat menbantu,2026-03-02 12:15:03
24 Novananda Purwahita,5,okela,2026-03-02 12:14:51
Vera Gopo,4,aplikasi nya bagus bisa untuk transfer byar apa pun tapi klau ke dana sering banget error!!,2026-03-02 12:14:31
Marwan Sukses,5,oke,2026-03-02 12:14:10
Rikha Elshaarawy,5,bagus pokonnya,2026-03-02 12:13:26
Yusman Benge,5,semoga kedepan potongannya lebih kecil lagi,2026-03-02 12:09:31
Ilham Pratama,5,sangat bagus dan memudahkan untuk bertransaksi,2026-03-02 12:09:14
Lamawai,5,sangat memudahkan,2026-03-02 12:08:57
novita sari dewi,5,"mantap, dengan BRIMo segalanya jadi lancar dan mudah...",2026-03-02 12:08:50
Septian Rinaldi,4,memudahkan nasabah untuk bertransaksi,2026-03-02 12:07:35
Feri Hidayat,5,sangat membantu sekali trima kasih brimo,2026-03-02 12:07:20
Salsa Salsa,3,brimo ku buram terus tidak bisa di buka,2026-03-02 12:06:55
Yusuf Rerfiana,2,setiap buka brimo gk prnah bs sllu instal lg udh 3 kali instal lg in mau d buka gk bs lg,2026-03-02 12:03:21
GOXMET TRIO,5,sangat membantu sekali,2026-03-02 11:59:59
Andi Adel,5,sangat baik,2026-03-02 11:59:52
Uphy Kelyombar,5,bagus asu,2026-03-02 11:59:27
Jantaka Hanta yuda,5,Mantap Brimo,2026-03-02 11:56:48
Ny. Setyani,5,"aplikasi yang sangat membantu, , selama pemakaian belum ada kendala...",2026-03-02 11:56:17
Ridho Prasetyo,2,sinyal bagus tapi gak bisa di buka aplikasinya bikin emosiii,2026-03-02 11:55:24
rohadi haryanto,5,nice,2026-03-02 11:54:25
Prandino L. Tobing,1,lemot,2026-03-02 11:53:28
Irsyadul Badry,1,apaan ini baru download ga bisa di buka,2026-03-02 11:53:12
Roslina Harahap,4,lebih gampang dan aman,2026-03-02 11:53:07
Edy Ruhiadi,5,bagus lancar untuk transaksi di brimo,2026-03-02 11:52:55
Rama Qois Masrur,1,kenapa sih brimo ngk bsa login,2026-03-02 11:52:46
Edi Junaedi,5,wah saya baru nyobain apk ini ternyata gampang banget cara pakainya banyak ke amanannya terjaga 2 langkah pasword dan pin mantap deh ga nyesel instal aplikasi ini cara transfernya juga gampang pokonya nih aplikasi membantu banget,2026-03-02 11:50:24
Moh Nurul Ardiansyah,1,"sampah beban,gabisa login mulu,udh direstar,udh dihapus+ download ulang tetep mentok gak bisa login",2026-03-02 11:48:58
Munassar Munassar,5,Mantap,2026-03-02 11:48:51
Raikal Alfatih,3,ribet bnaget log innya susah masuk,2026-03-02 11:48:46
Novan Aditya,2,"sering error knp ya , jaringan bagus tapi knp tidak bisa akses",2026-03-02 11:46:08
Aresha Shakila,5,memudahkan untuk transaksi,2026-03-02 11:45:41
Yanuwar Akhmad,2,sering banget error kalo mau transaksi padahal sinyal bagus aja,2026-03-02 11:43:32
Aidil Azhar,5,mantap,2026-03-02 11:42:13
ALVIN CANDRA AGUS PURNAMA,1,"eror mulu dah, gabisa transfer gara² eror",2026-03-02 11:40:10
Andre Saputra,5,lumayan bagus,2026-03-02 11:39:53
Skpe,1,udah di update malah kagak bisa di buka aplikasi apaan ini..,2026-03-02 11:38:49
Ari Pradana,1,tingkatkan lagi kepedulian terhadap pengaduan nasabah,2026-03-02 11:37:16
Qwerty 1234,1,tingkatkan lagi kecepatan pelayanan pengaduanya,2026-03-02 11:36:40
Ari Pradana,1,kasus lama selesai sudah 13 hari sejak pelaporan,2026-03-02 11:35:40
Duwi Winarni,5,oke,2026-03-02 11:34:13
yogi wijayanto,5,"Berguna disaat terdesak, terima kasih",2026-03-02 11:33:55
Weripang23 Weripang23,5,sangat mudah dan gampang,2026-03-02 11:32:23
eni sustyaningsih,5,sebagai pertama transfer uang sangat cepat,2026-03-02 11:32:08
Ari Pradana,1,sudah 13 hari kasus saya ga selesai saldo terdebit namun pembayaran gagal sampai sekarang pengaduan pengembalian saldo saya belum selesai,2026-03-02 11:31:05
Ali Rofiq,5,lebih mudah tanpa ribet .,2026-03-02 11:30:12
Horidatun Nadifah,5,bagus.,2026-03-02 11:26:48
Ayu Vivo,5,ok,2026-03-02 11:24:43
Qolbuiman Sejati (Iman),5,Mudah di manfaatkan,2026-03-02 11:20:54
Rizky sugiana,1,kenapa brimo sekarang jadi susah log in mau transaksi malah nyusahin.. ng blank terus... tolonglah perbaikan nya di maksimalkan biar lebih makin terbantu dengan kbutuhan transaksi yg lebih cepat..,2026-03-02 11:20:16
Suyono Pyon,5,oke terimakasih untuk semua produk layanan nya...,2026-03-02 11:16:57
Aples Billi,1,"Makin parah sihhh Sebelum nya aman aman saja,sekarang sudah makin parah,lama kelamaan jadi takut punya payrol disini MASALAHNYA KALAU TIDAK DI BLOKIR UANG NYA PASTI KEHILANGAN UANG NYA 🤦🏾‍♂️",2026-03-02 11:16:51
Deden Gimin,5,mantap👍👍👍,2026-03-02 11:13:28
Haikal Engkos,5,baik,2026-03-02 11:13:01
Kartiko Priyo,4,not bad laaah,2026-03-02 11:04:41
Tatang Ismaill,5,mantap meski saya baru belajar,2026-03-02 11:04:28
raskya,3,lagi dalam proses.tau bagus atau g,2026-03-02 10:58:08
Akbar Sulistyo,5,kenapasi kalo sambil telfon brimo gk bisa dipake hadeh,2026-03-02 10:57:08
Novi puji Setyaningsih,5,memudahkan aplikasi nya makasih semoga selalu memuaskan upgrade nya,2026-03-02 10:57:07
Yunita Wahyu,5,praktis,2026-03-02 10:56:55
Riyadi Adi,5,sangat baik,2026-03-02 10:54:48
Diah Riska,5,mempermudah transaksi,2026-03-02 10:52:11
Ulil Amri,5,mantap,2026-03-02 10:49:28
Ali Almunjamil_9397,5,memuaskan,2026-03-02 10:49:01
D ito,1,"Makin ancur aja, pas update, ngeblank",2026-03-02 10:48:39
Arul 1st,1,ngapa susah amat dibukanya si,2026-03-02 10:46:01
Ammar Hafidz,5,good folll,2026-03-02 10:45:48
Zaujati nafilah,5,baik sekali,2026-03-02 10:40:59
candra setiyawati084,5,Sangat membantu,2026-03-02 10:39:24
eni andayani,5,pelayanan cepat. tranfer juga cepat,2026-03-02 10:36:45
Maro Sebastian,1,tolong dong aplikasinya gak bisa buka brimo pada saat telfonan/komunikasi.😒😒,2026-03-02 10:36:05
Khauliahh1112 Putri,5,mantap,2026-03-02 10:35:56
Dedi onches,5,mantap,2026-03-02 10:26:52
NGOPI2,5,bagus lah,2026-03-02 10:26:50
Yoseva handayani,5,sangat membantu,2026-03-02 10:23:42
Rasumbut,1,emng kayak taik gak bisa verifikasi,2026-03-02 10:20:54
Tedjo Kusuma,5,Akunnya sering hilang di layar jadi tiap mau buka harus buka aplikasi dan login lagi,2026-03-02 10:19:52
Aaliya AFARA,5,baik,2026-03-02 10:17:06
mahatma dewantoro,2,"tlp cal center sampe 6menit nunggu, mau laporan penipuan, pulsa habis duluan, padahal antrean pertama",2026-03-02 10:08:55
Mistini 123,5,satpam way panji sangat ramah membuat aplikasi birimo,2026-03-02 10:05:57
Ihwan Udin,5,memudahkan dalam setiap transaksi keuangan,2026-03-02 10:02:22
Iyin Ciling,4,transaksi jadi lebih mudah,2026-03-02 10:00:25
Su hendri,5,sangat memmbantu..tapi hacker di bkacklist habis ya boss,2026-03-02 09:59:39
Saif Ibrahim,5,oke,2026-03-02 09:59:14
Grasella Surbakti,5,bagus banget,2026-03-02 09:58:57
Agus Imam,5,"Sangat Membantu, Mempermudah Segala Hal, Semoga Konsisten, Makasih..",2026-03-02 09:58:01
Dwi Lestari,4,bagus,2026-03-02 09:55:54
gagit laksi,1,aplikasi brimo sering lock sendiri proses transaksi jg lambat lemot payah,2026-03-02 09:55:05
Hidayatus,1,"aplikasi monyet, puasa puasa bikinnnnnn kesel aja luuuuu. Dibuka putiihhh muluu, kebelet chindo lu hahhhhhhhh",2026-03-02 09:49:17
Novi Sari,5,ok bagus,2026-03-02 09:47:32
Thomas tomi pratama,5,good apk,2026-03-02 09:46:04
Zubaidah saragih,1,"Aplikasi ccd, semua pengguna mempunyai kendala yg sama",2026-03-02 09:45:16
Cakopik Aja,5,sangat membantu,2026-03-02 09:44:15
Ferinus Zega,5,bagus,2026-03-02 09:43:38
Fajriyah Zainuddin Usman,5,pake brimo amat sangat membantu banget . terima ksh,2026-03-02 09:43:17
Sri Lestari,5,"trimakasih pak satpam ganteng,yg nma nya supiono sudah mmbntu permudah transaksi saya.",2026-03-02 09:37:28
Nur & jasri,5,mantaaaapppp,2026-03-02 09:36:55
Hendra Putra,5,sangat bagus,2026-03-02 09:35:00
kholif asbiansyah,5,oke mantap pembukaan rekening nya cepat sekali,2026-03-02 09:30:00
sitti fatima,5,sangat suka,2026-03-02 09:28:01
Adi Mustiadi,5,simple aplikasi mantab,2026-03-02 09:22:53
Leo Lebriansyah,1,bikin kecewa banget aplikasi brimo udh masukin id sama password udh masukin kode otp sama scan KTP pas di scan wajah gak bisa masuk ke mbaking ya parah emang aplikasi ya kelewatan banget,2026-03-02 09:22:12
Pipik Hidayat,2,ga bs di buka mana mau transaksi...rese nh brimo payah,2026-03-02 09:18:10
Zaky zayn,4,baik,2026-03-02 09:14:57
Asura Nouval,5,Baik,2026-03-02 09:11:16
Abdul Jalil,5,good,2026-03-02 09:10:46
Aly Rahman,5,bagus,2026-03-02 09:07:54
agia zanara,5,ok,2026-03-02 09:06:39
Liaaa Hiaa,4,sangat membantu,2026-03-02 09:03:39
Dian Novitasari,5,bagus aja,2026-03-02 08:58:48
Hela Nurfatwa,5,bagus dan lebih gampang,2026-03-02 08:57:20
Server Wangunjaya,1,"saldo sering di hold terus pernah setoran cicilan di tarik Doble pengembalian lama, sekalinya pengembalian saldo di tahan tidak bisa transaksi, pas di cek lagi saldo kembali di tarik, mau hapus rekening kalau kaya gini",2026-03-02 08:57:17
Yunfi,4,"Kenapa setiap saya membuka aplikasi selalu meminta verifikasi data diri, sangat membuat tidak nyaman harus verifikasi berulang kali. Bagaimana solusi untuk masalah saya?",2026-03-02 08:54:17
Sri Rahayu,5,enak pemakaian nya,2026-03-02 08:52:31
Pespri sembiring Sembiring,5,mantap,2026-03-02 08:49:10
Dede sulaeman,4,lumayan,2026-03-02 08:48:10
Purnama Wirawan,5,trimakasih BRI mobile banking yg selalu melayani nasabahnya dengan Baik cepat tanpa ribet,2026-03-02 08:45:40
Indra Wan,5,sangat membantu dan mudah,2026-03-02 08:44:48
Anggi Wulandari,5,ok,2026-03-02 08:44:41
Riadi Prabowo,5,bagus,2026-03-02 08:40:57
Deki Apriantoni,1,aplikasi nya ada. setelah di buka BRimo tdk bs terbukak. hanya layar hp nya putih aja. setelah di bukak.,2026-03-02 08:33:47
Andi Burhanuddin Abdullah,5,Awalnya tdk mudah... Foto Selfy berulang.. mungkin puluhan kali karena tidak fokus wajah senyumnya. Brimo mantap.,2026-03-02 08:23:34
Dian woto,4,kena apa akun brimo ga bisa di buka... selalu brimo ga nanggapi???,2026-03-02 08:22:11
ahmadmaulana kencong,5,mudah cepat praktis,2026-03-02 08:19:08
Rusman Mubarok (Rusman),5,baru pke lumayan ok lh,2026-03-02 08:18:48
Ari Wibowo,5,wirah suwiasta,2026-03-02 08:17:23
CURVA SUD PSS SLEMAN,5,mudah buat transaksi,2026-03-02 08:10:39
Hendri klo bisa nya sama denah nya Om Hen,3,tolong di perbaiki saya login g bisa trs harus donlot lg suruh prpikasih lg Lah.tolong di perbaik,2026-03-02 08:10:26
Yayu Magho,1,"setiap kali mau transaksi pake brimo harus verivikasi dulu,kira cuma Skali ternyata setiap kali mau transaksi harus verivikasi.sangat merepotkan",2026-03-02 08:01:17
Arsagaisa 76,5,bagus,2026-03-02 08:01:01
Ari Iskandar,1,tolong updt brimo kali ini jngan di bikin ribet setiap mau masuk login brimo harus verifikasi data terus apalagi g bisa berulang2 kali verfikaainya tolong di buat seperti versi sebelumnya aja,2026-03-02 07:59:27
nashirudin,4,suka sh tp sayangnya GK nambah 2 uangnya,2026-03-02 07:55:15
Mar Rini,5,"sejauh ini aman, mudah digunakan untuk sy yg gaptek",2026-03-02 07:54:20
Inengah Suwitra,5,mengirim uang dengan BRIMO mudah dan cepat serta aman.,2026-03-02 07:52:19
Nurhasandi Bae123,5,mantap adanya ini transver jdi mudah,2026-03-02 07:48:01
Kartini dG kanang,5,sangat mudah dan mempermudah dalam segala layanan transaksi 🙏⭐⭐⭐⭐⭐,2026-03-02 07:41:35
Alifun Rizky,5,"Dengan menggunakan aplikasi brimo, semua transaksi keuangan jadi lancar",2026-03-02 07:34:37
Irfan Irjaya,5,cepat dan akurat BRI semakin maju,2026-03-02 07:29:11
Yudi Winarto,4,"lebih mudah dlm transaksi, terima kasih brimo",2026-03-02 07:27:34
Lisdor Gultom,1,aplikasi brimo..per 3 bln harus..mendem load...dan daftar ulang...capek deh...,2026-03-02 07:27:00
Nunungirawan Nunung,5,bagus dan mudah,2026-03-02 07:26:14
muhamad jono,5,mantap,2026-03-02 07:20:54
Ahmad Kasim,5,aplikasi yang bagus untuk transfer atau pembelian pulsa,2026-03-02 07:11:02
Putu Suyasnika,5,kereeennn daah brimo,2026-03-02 07:07:53
Hery Santoso,5,terbaik,2026-03-02 07:00:37
wong Jawa,5,simpel,2026-03-02 06:52:43
Ferdy Lede,5,👍,2026-03-02 06:48:50
Suno Baydho3,5,oke,2026-03-02 06:46:12
Agus Hadi Santosa W.,5,ok,2026-03-02 06:22:57
Lidya Syawaliyah Nurrohmah,4,sangat mudah bermanfaat dalam melakukan transaksi bagus banget,2026-03-02 06:21:25
Arin Jaya Travel,5,dgn memakai BRImo semua jadi mudah&cepat saya tdk perlu lagi cek saldo&tranfer ke bank/ATM cukup di HP saja mks BRImo,2026-03-02 06:09:45
No Name No name,5,so far so good,2026-03-02 06:00:10
yanto Supriyadi,3,"maaf ini,KL mau suruh update langsung aja update GX mau masuk login layar putih mlh keluar LG,benahi LG lah coba🙏",2026-03-02 05:55:05
Dedeng Setiawan,5,gampang dan mudah untuk transaksi,2026-03-02 05:47:17
Venus man zega Zega,5,hai kk kenapa brimo saya begini dari mulai pertama pakai bagus sdh lama saya pakai di buka keluar biru tidak lama lagi keluar layar putih kok begitu sdh berapa kali saya instal tapi tetap seperti itu mohon batuanya,2026-03-02 05:42:22
Putri Kinanti,5,simpel,2026-03-02 05:31:34
Isma Dominic,1,pelayanan kurang,2026-03-02 05:21:54
Tenggernesia Adventure,5,sangat membantu,2026-03-02 05:21:38
jono slp,5,"sangat mantap👍🏻pengamanan aplikasinya, trimakasih atas pengamanannya, tingkatkan terus, apa lagi sekarang jaman era digital, penipuan juga semakin canggih, aplikasi ini juga jangan kalah, itu aja terimakasih",2026-03-02 05:20:02
Bg Jon,5,sangat memudahkan dalam transaksi,2026-03-02 05:09:04
Rajimin rajimin,5,"brimo nya setiap 3 hari instal trs kalau gak di instal gambarnya,putih doang",2026-03-02 05:06:39
Erik Jeep,2,sudah 2x aplikasi Brimo Begitu Login jadi LAYAR PUTIH semua. padahal Sangat Amat Penting.,2026-03-02 05:04:55
Pawonmak Sri,5,sangat baik,2026-03-02 04:38:03
Mufti Lanang,2,KOK GA BISA DI TF SIH,2026-03-02 04:32:43
Iwan Wally,5,saya puas,2026-03-02 04:32:42
Sharul Anwar,1,gak optimal,2026-03-02 04:26:03
gun jack,5,"Keren BRImo lah, semua jadi mudah disaat mendadak butuh transaksi finansial dengan BRImo ditangan. terus tingkatkan kualitas pelayanan mu BRImo",2026-03-02 04:18:42
Opp,5,ok,2026-03-02 04:18:19
ayuth channel,5,sangat membantu. transaksi cepat... mudah dan lancar,2026-03-02 03:58:51
Urip Budiharto,1,"stelah di update dg versi terbaru, tertulis aplikasi tdk kopatibel, gmana solusinya, android sy versi 8.9 dan aplikasi nya versi 2.93",2026-03-02 03:57:23
Khayla Khey,5,"Assalamualaikum kak, BRImo sy dari kemaren kenapa gak bisa login? Tolong kak ..🙏",2026-03-02 03:02:50
Wawan Mahmudin,5,mantap proses cepat gak pake lama,2026-03-02 02:46:43
Ray Raya,5,saya mau ganti rekening jadi simpades gimana caranya,2026-03-02 02:39:20
Agung Prwg,1,nri selalu ketinggalan aplikasi Bank lain sudah pakai IKD,2026-03-02 02:28:00
Decky kurniawan,1,"gak efesien, lelet",2026-03-02 02:24:00
echo belenk,4,sempurna,2026-03-02 02:16:15
Ahmad Saepuloh,5,kenapa brimo saya tidak bisa login,2026-03-02 02:05:14
Azka Rima yunus,5,ok,2026-03-02 01:58:39
armada armadapribadi,5,tingkatkan kepercayaan keamanan akun brimo security hamdal fitur baru yg terbaik banyak manfaat lainnya,2026-03-02 01:52:32
Wandi Toumpur,5,apliksi ini sangat berguna,2026-03-02 01:41:57
Oji Melati,5,nyaman dan aman,2026-03-02 01:35:53
MUHAMAD Yusuf,5,mantappp,2026-03-02 01:34:03
Andre Febriansyah,5,sangat cocok untuk transaksi atau pun tabungan,2026-03-02 01:29:34
ulin,5,"layout oke dan mudah dimengerti, blm pernah ada gangguan berarti. lanjutkannn!!",2026-03-02 01:28:39
Zainul Arif,5,samgan Mudah Bertransaksi dan Sefty,2026-03-02 01:26:25
Rizky Devi,1,kenapa pas diinstal keluar lagi konyol,2026-03-02 00:51:04
saep doank,4,ok,2026-03-02 00:45:32
Yoga Baguz,1,brimo apk busuk erorr terus,2026-03-02 00:44:40
Mak Ntik76,1,kebanyakan drama taiii.... kalian yang salah karena sistem aplikasi tolol ehh malah jadi nunggu 24 jam buat bisa verifikasi lagi....,2026-03-02 00:42:58
Andrewfp Andrew,5,good,2026-03-02 00:36:40
Cahya Wahyu,5,ok,2026-03-02 00:36:33
Ratno Timur,5,membantu banget,2026-03-02 00:36:22
Erlan Sbastian,5,brimo keren,2026-03-02 00:24:43
FN video,5,keren,2026-03-02 00:23:08
Harsen S,5,mantap,2026-03-02 00:17:13
Rhony05,5,sangat membantu saya untuk transaksi,2026-03-02 00:14:05
Lady Roose,1,"aplikasi buruk, sering banget transaksi eror",2026-03-02 00:01:02
Eka Pra,5,baik,2026-03-01 23:50:50
Muhammad Asrar,5,bagus,2026-03-01 23:43:29
Wijiati Tii,5,bagus sekali,2026-03-01 23:25:11
Yandi Rosyadi,5,okey sip,2026-03-01 23:15:26
Haris Zuares,5,sangat bagus,2026-03-01 23:14:04
Ica Uci,2,"bantu dong, lupa pasword untuk transfer",2026-03-01 23:12:33
muhammad fatoni,5,"aplikasi cepat dan responsif, tampilan menarik dan mudah dipahami",2026-03-01 23:05:51
Al Azid Jurohim One,5,Oke nice apk,2026-03-01 23:05:03
darah simanjuntak,4,kurang,2026-03-01 22:58:12
Fella 2708,5,pelayanan yang sangat bagus,2026-03-01 22:55:52
Fajar Arisanto,5,ok punya,2026-03-01 22:55:04
Suryadi Suryadi,1,"huuuuu loading lama banget lo, mendingan gw copot lagi",2026-03-01 22:49:46
Abdurrohman Soleh,5,mantap,2026-03-01 22:44:14
Kismani,5,"mantap, sangat membantu sekali 👍👍👍",2026-03-01 22:38:39
Sobintar Sihombing,5,jossss,2026-03-01 22:36:41
Vingky Vingky,5,Kka knpa kalu mau kirim ke dana susah?,2026-03-01 22:29:15
Hanifah Hanifah,5,puas dengan brimo,2026-03-01 22:24:25
Bambang Heru Rasianto,5,Bener banget,2026-03-01 22:21:16
Armindo Gege,5,sangat membantuu,2026-03-01 22:17:29
EVAN BENINGTON,2,mohon maaf aku uninstal soalnya sudah ngirim kendalanya lewat email sampai sekarang belum ada balasanya dan solusinya,2026-03-01 22:11:32
Perto Nela,5,gimana nih ko masuk ke brimo gak bisah sih kak,2026-03-01 22:08:35
Dude akung,1,"ini kenapa ngeblank putih gak bisa dipake,...gimana sih",2026-03-01 22:07:02
ade kusuma,4,sangat bagus,2026-03-01 22:00:44
KARMIJAN (mijan),5,transaksi sangat mudah,2026-03-01 22:00:05
Akma Akmal,5,sangat bagus,2026-03-01 21:55:43
Wawan Kurnianto,5,bagus sekali,2026-03-01 21:53:19
Ardi Jombang,5,BRImo the Besst,2026-03-01 21:51:56
Safa Nur Khariimah,5,kenapa gak bisa,2026-03-01 21:51:44
Huri Susanto,3,tidak bisa dibuka,2026-03-01 21:48:22
Yanus Lebo,5,terbaik,2026-03-01 21:38:43
Anto Bengkel,5,mantap,2026-03-01 21:36:14
Ali Bbm,5,baik,2026-03-01 21:33:07
Eka Putri,5,bagus,2026-03-01 21:31:56
Pahyuji 89,5,suka,2026-03-01 21:30:06
Budi Apriyanto,5,"saya registrasi ulang brimo tidak bisa padahal sudah konfirmasi ke pihak bank untuk mengganti pake nomor yang aktif.... tujuannya biar akun brimo saya lebih aman sekarang malahan tidak bisa kendala di registrasi nya gagal terus sampai"" cs bank BRI nya bingung sekarang bRiMo susah buat login malahan ribet",2026-03-01 21:25:50
Agus Solikin,5,punyaku gak bisa dibuka,2026-03-01 21:21:02
Komang Setia,5,sangat baik sangat membantu transaksi,2026-03-01 21:20:19
Iyanganjar Wijaya,5,semuwa jadi midah👍👍,2026-03-01 21:18:37
ipey Tan,5,makin sini makin bagus,2026-03-01 21:17:21
Nur Meriana,5,good,2026-03-01 21:11:45
azizul muiz,5,knp brimo saya suka g ke buka ya..kadang bagus kadang g ke buka,2026-03-01 21:09:44
Aqilla Harjo,5,ok mntap,2026-03-01 21:07:12
Tomz Byy,5,Hallo .. Brimo kenapa ya setiap kali buka selalu putih .. udah itu saya hapus Dwonlod lagi harus foto ktp trus dan foto muka dan itu trus menerus kyk gtu .. setiap kali buka harus foto ktp am muka ..,2026-03-01 21:06:56
Hendra Jaya,4,bintang 4 dulu klau makin bagus nanti ku kasih 5😁,2026-03-01 20:59:46
Indra Prasetya,5,nyaman,2026-03-01 20:59:04
mun faati,5,sangat2 membantu memudahkan transaksi,2026-03-01 20:58:47
pino pino,5,saya kasih bintang 5 untuk BRIMO,2026-03-01 20:54:13
Bang Lana,5,👍,2026-03-01 20:49:35
Agung Kurniawan,5,mantap,2026-03-01 20:47:24
Pratiwy,5,Jadi lebih mudah untuk melakukan transaksi ☺️👍,2026-03-01 20:45:11
Sri Onah,5,Membantu 👍👍,2026-03-01 20:39:58
Yanto Nuryanto,1,MASALAH BLANK PUTIH masih lanjut ternyata ....... kecewa kukir sudah bisa...,2026-03-01 20:30:48
Shinta Yuanita sari,4,saya mau buat rekening dari brimo gagal terus,2026-03-01 20:29:12
Abu Tholib,5,baik,2026-03-01 20:17:47
wahyu da silva serdadu,5,mantap,2026-03-01 20:08:36
Maketek Padang,5,bagaimana cara perolehan akun BRIMO utk partisipasi saham di investasi pasar saham,2026-03-01 20:02:49
Bunga Pertiwi,5,"selama pakai brimo aman dan lancar, solusi ketika malas ngurus atm karna udah ed",2026-03-01 20:02:04
Panjoel M,2,"Kenapa Sekarang Apk ini kok kalo d buka selalu Layarnya putih.. Habis itu Langsung keluar sendiri dari Apk, Bisa di buka tp harus di kosongkan datanya & masuk lagi, tp hanya satu kali.. & selalu begitu terus 😔, sementara saya kasih bintang 2 aja",2026-03-01 20:00:13
mariani sianturi,5,aplikasi mengapa sering error,2026-03-01 19:59:58
Oca Cibungsu,1,BRI t##ol..aplikasi ga bisa di buka .. miskin,2026-03-01 19:59:37
Bahtiar Ysf,5,mudah cepat mantap 👍,2026-03-01 19:59:34
Awendra Awendra,5,bagus,2026-03-01 19:51:23
Kagok Barbar,5,Oke memudahkan transaksi,2026-03-01 19:46:53
Balyanur Mustofa159,5,keren,2026-03-01 19:43:56
Heru Trisapto,2,brimo susah diakses. tiap buka aplikasinya selalu keluar layar putih. udah diupdate sama saja tidak ada perubahan.,2026-03-01 19:42:28
Fer Nan,1,"Brimo BRI Aplikasi Yang Sangat Membantu Untuk Nasabah Bertransaksi, Good Job",2026-03-01 19:41:11
AdityaEka Putra,2,"Gabisa Login, untuk scan E-KTP nya burem padahal camera jelas jelas normal.",2026-03-01 19:36:48
Permata Cell,5,ok,2026-03-01 19:36:18
Gelang Saputra,5,sangat 👍,2026-03-01 19:35:36
Suci Amalia Putri_B,1,tidak rekomen bank satu ini selalu bermasalah 1. mesin atm tidak layak pakai 2. uang sobek kok masuk atm 3. bank bri selalu antri dan lama,2026-03-01 19:30:15
Muhamad Ridho,5,sangat bermanfaat,2026-03-01 19:29:12
Prayudha Bachtiar,5,nice info,2026-03-01 19:26:12
alan dahlan,5,goods zoobss,2026-03-01 19:23:37
imam pratama,1,ini kenapa sampe sekarang belum bisa loqin terus ya .. aplikasi nambah gak jelas banget .,2026-03-01 19:21:09
Cicik Winarti,5,pelayanannya sangat bagus,2026-03-01 19:20:58
Retno Ayu wulandari,2,jelek bgt mls lah sm brimo setiap mau transfer ke bank lain pasti gabisa hrs nunggu 1 harian pdhl lagi dibutuhkan mls lah,2026-03-01 19:16:19
Iwan adis Tiya putra,5,sangat mudah dah simple express,2026-03-01 19:12:58
Ervan yuono,5,saya sangat puas dengan BRImo,2026-03-01 19:05:44
Iwanrega Suzuki,5,Sangat Membantu,2026-03-01 19:01:11
Haura Dasha,5,"Terima ksh atas pelayanannya yang sgt memuaskan, cepat, dan tepat waktu.",2026-03-01 18:52:27
Ashraff,5,sangat bagus,2026-03-01 18:52:20
MBoy,5,👍,2026-03-01 18:49:27
supadi padi,5,oke,2026-03-01 18:45:57
Wahana Wanci,3,sangat berarti,2026-03-01 18:45:36
Fanny Nyuknyeng,5,baguss,2026-03-01 18:42:02
Aditya yesyes,5,sangat mudah digunakan dan membatu..,2026-03-01 18:40:32
Hadi Sucipto,5,ok,2026-03-01 18:33:06
Sulistiono Sulistiono,5,simpel,2026-03-01 18:30:26
Surya Fidaaa,3,biasa,2026-03-01 18:23:46
Restu,5,"haloo kak ini kenapa selalu verifikasi ulang, padahal cuma keluar aplikasi dan itu terjadi dalam sehari",2026-03-01 18:21:11
Yosefina Maria koten,5,"Hallo brimoo ,saya udh pake brimo udah 1th lbih mau 2 ,tpi baru kali inii saya mendapat kendala saat masuk brimoo tba tba layarnya jadu warna putih semuaaa ,galama hitam ,itu gimnaa ya ? tolong arahannya min 🙏🙏☺",2026-03-01 18:20:52
Endah Pratiwi,2,"wahai brimo tercinta, tolong benerin qris anda krn saya susah banget ngescan buat bayar qris kirain cuma saya doang, ternyata temen2 saya yg pakai brimo juga kesusahan masalah scan qris yg susah banget",2026-03-01 18:16:10
Cardi Septian,5,bagus mudah di gunakan untuk berbagai transaksi,2026-03-01 18:13:05
Susyanto,1,"aplikasi perbankan paling ribet diantara yg lain, sudah sukses login tetep ngga bisa transfer dan buka kartu terblokir",2026-03-01 18:04:46
Ade Ruhyana,5,mudah cepat,2026-03-01 18:03:07
Christian Oxa Putra Perdana,5,mantab anjay,2026-03-01 18:02:23
Yulius,5,sangat membantu,2026-03-01 17:56:14
Dede Kusmiati,5,Alhamdulillah sangat membantu saya dengan brimo bisa bertransaksi tanpa harus ke ayam ketik amau tf... bayar BPJS listrik beli pulsa jug aja di mudah.. Terimakasih brimo,2026-03-01 17:50:22
Bima Pratama,5,sangat baik,2026-03-01 17:50:18
Edi Subianto,1,duit di ATM saya hilang pak /Bu 1.500.000,2026-03-01 17:45:00
Mon Lupi,1,tidak bisa berkata-kata tidak bisa membantu,2026-03-01 17:44:50
Toms Nevagivup,5,untuk saat ini cukup baik,2026-03-01 17:43:00
Aep Saepudin,5,sangat mudah bertransaksi,2026-03-01 17:42:02
Tomi Ko,5,bagus sangat membantu,2026-03-01 17:37:39
Eldi Yusmi,5,memudahkan transaksi,2026-03-01 17:07:50
Yanto Baraenk,5,sangat berguna,2026-03-01 17:06:54
Budi SF_87,1,"bug parah isi saldo dana berhasil ga ada notif,harus ulang lagi pas diulang berhasil jadi 2x isi anjiiing",2026-03-01 17:03:28
Fany Firdaus (Firdaus),5,oke,2026-03-01 16:58:44
Karlos _aguy,5,sangat membantu sekali,2026-03-01 16:57:37
Amar Muamar,5,mantap,2026-03-01 16:54:49
Muslimin,5,baik,2026-03-01 16:53:49
Jaya Hartono,5,tidak mudah eror,2026-03-01 16:49:05
Absar Salim,1,"Jangan pernah mengajukan kredit di BRI, mereka punya reputasi yang buruk dan seringkali menyalahi perjanjian kredit dengan nasabah. Contoh: cicilan yang jatuh tempo di Bulan Februari yang harusnya dana yang dipotong hanya untuk cicilan di Bulan Februari, akan tetapi dipotong juga hingga Maret bahkan pada saat masuk Bulan Maret sudah dipotong lagi untuk April padahal masih di awal Bulan Maret, bagaiman kita mau putar uang untuk usaha kalau semuanya diambil dan dipotong seperti ini??",2026-03-01 16:48:43
War Yanto,5,good,2026-03-01 16:43:05
KHALIK,1,"BRIMO KENAPA ENGGA BISA DI BUKA LAGI,TOLONG DI PERBAIKI SECEPATNYA.!!!!",2026-03-01 16:42:59
muhammadrendi saputra,5,top,2026-03-01 16:42:37
Deny Kiting,5,sama saya sdh berapa kali ini gk bisa log in begitu masuk brimo hbis tulisan brimo warna putih aja layar Bru tekluar sendiri begitu di download ulang baru bisa setiap mau login pasti download ulang terus saya,2026-03-01 16:38:10
papi bun,5,mantap,2026-03-01 16:32:37
Aranza Yahya dharaka,5,keren,2026-03-01 16:26:31
saddam mo,5,terimakasih telah memberikan kemudahan dlm bertran saksi,2026-03-01 16:22:50
Edy mulyadi,1,setiap mau buka aplikasi selalu cuma muncul layar putih tok harus dihapus aplikasi instal laginya isi data lagi. py ki bri ga ono perbaikan sistem po py je smp sekarang kok podo wae brimo dtutup mau bukak lagi cuma muncul layar putih harus hapus brimo trs instal lagi dan seterusnya,2026-03-01 16:22:39
Afitalia Rondonuwu,5,mantap,2026-03-01 16:18:44
Aldi Ganz,5,mantaaap,2026-03-01 16:04:30
Nur Hasan,5,susah,2026-03-01 16:04:03
Amak Ajaib,5,cepat dan tepat,2026-03-01 15:59:57
Sis Weloet,5,Memudahkan transaksi transfer dari rumah,2026-03-01 15:58:42
Muhammad Yusup,5,samnagat membantu bertransaksi,2026-03-01 15:57:16
acing Jay Jay jay,5,mntap,2026-03-01 15:53:50
Nurul Isna,5,sangat membantu,2026-03-01 15:52:48
